,VT11048.fa.csv,VT16679.fa.csv,VT19895.fa.csv,VT40548.fa.csv,VT43692.fa.csv,VT44110.fa.csv,VT48156.fa.csv,VT50550.fa.csv,VT59000.fa.csv,VT60074.fa.csv,VT61209.fa.csv,VT6436.fa.csv,VT6705.fa.csv,VT7859.fa.csv,VT8646.fa.csv
0,TAATCC,TTATCC,TAATCC,TAATCC,TTATCC,TTATCC,TTATCC,TTATCC,TTA-TC,TAATCC,TAATCC,TTATCC,TAATCC,TAATCC,TTATCC
1,TAATCC,-----C,TT-ATC,TTATCC,TTATCC,---TCC,,TAATCC,TTATCC,TTATCC,TT---A,TAATCC,TAATCC,TAATCC,TAATCC
2,,TAATCC,TAATCC,TTATCC,TTATCC,TTATCC,,TAATCC,TTA-TC,TAATCC,TTATCC,TAATCC,TAATCC,TAATCC,TAATCC
3,,TTATCC,TT-ATC,TAATCC,TAATCC,TAATCC,,TTATCC,TTATCC,TAATCC,-----C,TAATCC,TAATCC,TTATCC,TAATCC
4,,T-----,TAATCC,TTATCC,TTATCC,--ATCC,,TAATCC,TTA-TC,TTATCC,TTATCC,TTATCC,TAATCC,TAATCC,TTATCC
5,,-----C,TAATCC,TAATCC,T-AATC,---TCC,,TAATCC,TTATCC,,----CC,---TCC,TTATCC,TAATCC,TTATCC
6,,TAATCC,TAATCC,TAATCC,T-AATC,TTATCC,,TTATCC,TTATCC,,TTATCC,TTATCC,TAATCC,TAATCC,TAATCC
7,,TTATCC,TAATCC,TTATCC,TAATCC,TTATCC,,TAATCC,TAATCC,,TTATCC,TTATCC,TAATCC,-TATCC,TAATCC
8,,TTATCC,A--TCC,TAATCC,T-AATC,TA----,,TAATCC,TTATCC,,TTATCC,TTATCC,TTATCC,TTATCC,TTATCC
9,,TTATCC,TTATCC,TAATCC,TAATCC,---TCC,,TTATCC,TAA---,,TAATCC,TAATCC,TAATCC,TAATCC,TAATCC
10,,-----C,TAATCC,TAATCC,TAATCC,---TCC,,TTATCC,TAATCC,,TAATCC,A--TCC,TAATCC,-TATCC,TAATCC
11,,TAATCC,A--TCC,TAATCC,TTATCC,TAATCC,,TAATCC,TAATCC,,TA----,---TCC,TAATCC,TAATCC,TAATCC
12,,TTATCC,TAATCC,TTA---,T-AATC,TAATCC,,TAATCC,TTA-TC,,----CC,TAATCC,TAATCC,TAATCC,TTATCC
13,,TTATCC,TAATCC,TAATCC,TAATCC,TAATCC,,TAATCC,-----C,,TTATCC,-TATCC,TAATCC,--ATCC,TAATCC
14,,TTATCC,TTATCC,TTATCC,TAATCC,TTATCC,,TAATCC,TTA-TC,,TTATCC,TAATCC,TAATCC,TAATCC,TAATCC
15,,-----C,TAATCC,TAATCC,T-AATC,TA----,,TTATCC,TAATCC,,TTATCC,TAATCC,TAATCC,TAATCC,TAATCC
16,,TTATCC,TAATCC,TAATCC,TAATCC,---TCC,,TAATCC,TTA-TC,,TAATCC,TAATCC,TAATCC,TAATCC,TTATCC
17,,TTATCC,TAATCC,TAATCC,TTATCC,---TCC,,TAATCC,-----C,,,TTATCC,TAATCC,TAATCC,TAATCC
18,,-----C,TAATCC,TAATCC,TAATCC,TAATCC,,TAATCC,TTA-TC,,,TTATCC,TAATCC,TAATCC,TAATCC
19,,TAATCC,TTATCC,TAATC-,T-AATC,TAATCC,,TTATCC,TTA-TC,,,,TAATCC,TAATCC,TAATCC
20,,TTATCC,TTATCC,TAATCC,TAATCC,TAATCC,,-----C,TTATCC,,,,TTATCC,TTATCC,TTATCC
21,,TTATCC,TAATCC,TTATCC,-TATCC,TTATCC,,TTATCC,TTATCC,,,,TAATCC,TAATCC,TTATCC
22,,-----C,A--TCC,TAATCC,T-AATC,---TCC,,TAATCC,TTA-TC,,,,TAATCC,TAATCC,TAATCC
23,,TAATCC,,TAATCC,T-AATC,TTATCC,,TAATCC,TAATCC,,,,TAATCC,---TCC,TTATCC
24,,TAATCC,,TAATCC,T-AATC,---TCC,,TAATCC,TAATCC,,,,TAATCC,TAATCC,TAATCC
25,,TTATCC,,TAATCC,TTATCC,TAATCC,,TTATCC,TTATCC,,,,TAATCC,TAATCC,TAA---
26,,TTATCC,,TAATCC,T-AATC,TAATCC,,TAATCC,TTATCC,,,,TAATCC,TAATCC,TTATCC
27,,TTATCC,,TTATCC,T-AATC,---TCC,,TAATCC,TTATCC,,,,TAATCC,TAATCC,TAATCC
28,,-----C,,TAATCC,TAATCC,TAATCC,,TTATCC,TAATCC,,,,TAATCC,TAATCC,TAATCC
29,,TTATCC,,TTATCC,TTATCC,TAATCC,,--ATCC,TTA-TC,,,,TAATCC,TTATCC,TTATCC
30,,TTATCC,,TAATCC,TAA---,---TCC,,TAATCC,TAATCC,,,,TAATCC,--ATCC,TAATCC
31,,----CC,,TTATCC,T-TATC,TAATCC,,TAATCC,TTA-TC,,,,TAATCC,TAATCC,TAATCC
32,,TTATCC,,-----C,TAATCC,TTATCC,,TTATCC,TTATCC,,,,TAATCC,,TTATCC
33,,TTATCC,,TAATCC,TAATCC,TAATCC,,TAATCC,TAATCC,,,,TAATCC,,TAATCC
34,,TAATCC,,TT----,T-AATC,TAATCC,,TAATCC,TTATCC,,,,TAATCC,,TAATCC
35,,-----C,,TAATCC,TTATCC,TTATCC,,TTATCC,TTA-TC,,,,TAATCC,,TTATCC
36,,TAATCC,,TTA---,T-AATC,TA----,,TAATCC,TTA-TC,,,,TAATCC,,TAATCC
37,,TTATCC,,TTATCC,TAATCC,---TCC,,TAATCC,TTATCC,,,,TAATCC,,TAATCC
38,,TTATCC,,TTATCC,,TAATCC,,TTATCC,TTA-TC,,,,-TATCC,,TAATCC
39,,-----C,,TTATCC,,,,--ATCC,TTATCC,,,,TAATCC,,TTATCC
40,,TTATCC,,TAATCC,,,,TAATCC,TTA-TC,,,,T-----,,TAATCC
41,,TTATCC,,TTATCC,,,,TAATCC,TTA-TC,,,,TTATCC,,TAATCC
42,,TTATCC,,TAATCC,,,,TTAT-C,TAATCC,,,,TAATCC,,TTATCC
43,,-----C,,TAATCC,,,,TTATCC,TAATCC,,,,TAATCC,,TAATCC
44,,TTATCC,,TTATCC,,,,TAATCC,TTA-TC,,,,TAATCC,,TAATCC
45,,TTATCC,,TAATCC,,,,TAATCC,TTA-TC,,,,,,TTATCC
46,,TTATCC,,TTATCC,,,,TAATCC,TTATCC,,,,,,TTATCC
47,,-----C,,TAATCC,,,,TTATCC,-----C,,,,,,TAATCC
48,,TTATCC,,TTATCC,,,,TAATCC,TTA-TC,,,,,,TAATCC
49,,TTATCC,,TTATCC,,,,TAATCC,,,,,,,TAATCC
50,,TTATCC,,TAATC-,,,,TAATCC,,,,,,,TAATCC
51,,TTATCC,,TTATCC,,,,TTAT-C,,,,,,,TTATCC
52,,TTATCC,,TTATCC,,,,TTATCC,,,,,,,TAATCC
53,,-----C,,TTATC-,,,,-AATCC,,,,,,,TAATCC
54,,TTATCC,,TAATCC,,,,TAATCC,,,,,,,TTATCC
55,,TTATCC,,TTA---,,,,TAATCC,,,,,,,TTATCC
56,,TTATCC,,TAATCC,,,,TTAT-C,,,,,,,TAATCC
57,,TTATCC,,TTATCC,,,,TTATCC,,,,,,,TAATCC
58,,-----C,,TAATCC,,,,TAATCC,,,,,,,TAATCC
59,,TTATCC,,TTATCC,,,,TAATCC,,,,,,,TTATCC
60,,TTATCC,,TTATCC,,,,TAATCC,,,,,,,TAATCC
61,,TTATCC,,TTA---,,,,TTATCC,,,,,,,-----C
62,,TAATCC,,TAATCC,,,,TTAT-C,,,,,,,TAATCC
63,,-----C,,,,,,TTATCC,,,,,,,TAATCC
64,,TAATCC,,,,,,--ATCC,,,,,,,TAATCC
65,,TTATCC,,,,,,---TCC,,,,,,,TTATCC
66,,TTATCC,,,,,,TAATCC,,,,,,,-AATCC
67,,,,,,,,TAATCC,,,,,,,-----C
68,,,,,,,,TTATCC,,,,,,,TAATCC
69,,,,,,,,TAATCC,,,,,,,TAT-CC
70,,,,,,,,TAATCC,,,,,,,---TCC
71,,,,,,,,TTATCC,,,,,,,TAATCC
72,,,,,,,,TAATCC,,,,,,,TTATCC
73,,,,,,,,TAATCC,,,,,,,-----C
74,,,,,,,,TAATCC,,,,,,,TAATCC
75,,,,,,,,TTATCC,,,,,,,----CC
76,,,,,,,,--ATCC,,,,,,,TAATCC
77,,,,,,,,TAATCC,,,,,,,TTATCC
78,,,,,,,,TAATCC,,,,,,,TAATCC
79,,,,,,,,TTAT-C,,,,,,,TAATCC
80,,,,,,,,TTATCC,,,,,,,TTATCC
81,,,,,,,,TAATCC,,,,,,,TAATCC
82,,,,,,,,TAATCC,,,,,,,TAATCC
83,,,,,,,,TTATCC,,,,,,,TAATCC
84,,,,,,,,--ATCC,,,,,,,TTATCC
85,,,,,,,,TAATCC,,,,,,,TAATCC
86,,,,,,,,TAATCC,,,,,,,TT--AT
87,,,,,,,,TTATCC,,,,,,,TTATCC
88,,,,,,,,TTATCC,,,,,,,TAATCC
89,,,,,,,,--ATCC,,,,,,,TTATCC
90,,,,,,,,TAA---,,,,,,,TAATCC
91,,,,,,,,TAATCC,,,,,,,TTATCC
92,,,,,,,,TAATCC,,,,,,,TAATCC
93,,,,,,,,TAATCC,,,,,,,TAATCC
94,,,,,,,,TTATCC,,,,,,,TAATCC
95,,,,,,,,TAATCC,,,,,,,TAATCC
96,,,,,,,,TAATCC,,,,,,,TTATCC
97,,,,,,,,TTAT-C,,,,,,,TTATCC
98,,,,,,,,TTATCC,,,,,,,TAATCC
99,,,,,,,,TAATCC,,,,,,,TAATCC
100,,,,,,,,TAATCC,,,,,,,TAATCC
101,,,,,,,,,,,,,,,TTATCC
102,,,,,,,,,,,,,,,TAATCC
103,,,,,,,,,,,,,,,TAATCC
