,score,species_x,strand,align_position,species_y,raw_position,raw_seq,before_seq,after_seq
0,11.612828254699707,VT11048|0|MEMB005D|-|287,negative,60,VT11048|0|MEMB002A|+|284,39,TAAGCC,CTGGT,CACTC
2,11.612828254699707,VT11048|0|MEMB005D|-|287,negative,60,VT11048|0|MEMB002B|-|284,39,TAAGCC,CTGAT,CACTC
4,11.612828254699707,VT11048|0|MEMB005D|-|287,negative,60,VT11048|0|MEMB002C|-|284,39,TAAGCC,CTGGT,CACTC
6,11.612828254699707,VT11048|0|MEMB005D|-|287,negative,60,VT11048|0|MEMB002D|+|269,35,CAATCC,CTGAT,CACTC
8,11.612828254699707,VT11048|0|MEMB005D|-|287,negative,60,VT11048|0|MEMB002E|+|288,40,CAGCCC,CTGAT,CACTC
10,11.612828254699707,VT11048|0|MEMB005D|-|287,negative,60,VT11048|0|MEMB002F|+|278,36,CAAGCC,CTGAT,CACTC
12,11.612828254699707,VT11048|0|MEMB005D|-|287,negative,60,VT11048|0|MEMB003A|+|278,39,CAGCCC,CTGAT,CACTC
14,11.612828254699707,VT11048|0|MEMB005D|-|287,negative,60,VT11048|0|MEMB003B|+|289,43,CAACCC,CTGGT,CACTC
16,11.612828254699707,VT11048|0|MEMB005D|-|287,negative,60,VT11048|0|MEMB003C|-|284,39,TAAGCC,CTGGT,CACTC
18,11.612828254699707,VT11048|0|MEMB005D|-|287,negative,60,VT11048|0|MEMB003D|+|274,35,CAGCCC,CTGAT,CACTC
20,11.612828254699707,VT11048|0|MEMB005D|-|287,negative,60,VT11048|0|MEMB003F|-|285,39,CAACCC,CTGAT,CACTC
22,11.612828254699707,VT11048|0|MEMB005D|-|287,negative,60,VT11048|0|MEMB004A|+|284,39,TAAGCC,CTGAT,CACTC
24,11.612828254699707,VT11048|0|MEMB005D|-|287,negative,60,VT11048|0|MEMB004B|+|285,39,CAACCC,CTGAT,CACTC
26,11.612828254699707,VT11048|0|MEMB005D|-|287,negative,60,VT11048|0|MEMB004E|-|285,39,CAACCC,CTGAT,CATTC
28,11.612828254699707,VT11048|0|MEMB005D|-|287,negative,60,VT11048|0|MEMB005B|+|298,60,CAATCC,CTGAT,CACTC
30,11.612828254699707,VT11048|0|MEMB005D|-|287,negative,60,VT11048|0|MEMB005D|-|287,39,TAATCC,TTGGT,CACTC
32,11.612828254699707,VT11048|0|MEMB005D|-|287,negative,60,VT11048|0|MEMB006A|+|286,38,TAATCC,TTGGT,CACTC
34,11.612828254699707,VT11048|0|MEMB005D|-|287,negative,60,VT11048|0|MEMB006B|-|275,38,CAACCC,CTGGT,CACTC
36,11.612828254699707,VT11048|0|MEMB005D|-|287,negative,60,VT11048|0|MEMB006C|-|285,39,CAACCC,CTGAT,CACTC
38,11.612828254699707,VT11048|0|MEMB005D|-|287,negative,60,VT11048|0|MEMB007B|-|284,39,TAAACC,CTGGT,CACTC
40,11.612828254699707,VT11048|0|MEMB005D|-|287,negative,60,VT11048|0|MEMB007C|+|283,38,CAACCC,CTGGT,CACTC
42,11.612828254699707,VT11048|0|MEMB005D|-|287,negative,60,VT11048|0|MEMB007D|-|274,38,CAAGCC,CTGAT,CACTC
44,11.612828254699707,VT11048|0|MEMB005D|-|287,negative,60,VT11048|0|MEMB008C|-|285,39,CAAACC,CTGAT,CACTC
46,11.612828254699707,VT11048|0|MEMB005D|-|287,negative,60,VT11048|0|dkik|-|290,39,CAGCCC,CTGAT,CACTC
